{"_type":"export","__export_format":4,"__export_date":"2025-01-10T00:11:37.217Z","__export_source":"insomnia.desktop.app:v10.3.0","resources":[{"_id":"req_e3d67aae1b004c19bb2340422334a8cb","parentId":"fld_278264ff6abb4a78b2d3ae3cb98ad377","modified":1736467661637,"created":1736467661637,"url":"Http://localHost:8080/login","name":"Autenticar","description":"","method":"POST","body":{"mimeType":"application/json","text":"{\n\t\"login\":\"juan.perez\",\n\t\"contrasena\":\"123456\"\n}"},"parameters":[],"headers":[{"name":"Content-Type","value":"application/json"},{"name":"User-Agent","value":"insomnia/10.3.0"}],"authentication":{},"metaSortKey":-1736367830090,"isPrivate":false,"pathParameters":[],"settingStoreCookies":true,"settingSendCookies":true,"settingDisableRenderRequestBody":false,"settingEncodeUrl":true,"settingRebuildPath":true,"settingFollowRedirects":"global","_type":"request"},{"_id":"fld_278264ff6abb4a78b2d3ae3cb98ad377","parentId":"wrk_622b1b587fdf45708267ac8767d6a99e","modified":1736467661625,"created":1736467661625,"name":"Foro Hub","description":"","environment":{},"environmentPropertyOrder":null,"metaSortKey":-1734656955729,"environmentType":"kv","_type":"request_group"},{"_id":"wrk_622b1b587fdf45708267ac8767d6a99e","parentId":null,"modified":1732143669805,"created":1732143669805,"name":"medic request","description":"","scope":"collection","_type":"workspace"},{"_id":"req_388a3b07966640199d17459c3f3d1db8","parentId":"fld_278264ff6abb4a78b2d3ae3cb98ad377","modified":1736467661637,"created":1736467661637,"url":"http://localhost:8080/topicos/2","name":"Actualizar Topico","description":"","method":"PUT","body":{"mimeType":"application/json","text":"{\n  \"titulo\": \" título\",\n  \"mensaje\": \"prueba\",\n\t\"status\":\"CERRADO\",\n  \"curso\": {\n    \"nombreCurso\": \"Nuevo Curso\",\n    \"categoria\": \"Nueva Categoría\"\n  }\n}\n\n"},"parameters":[],"headers":[{"name":"Content-Type","value":"application/json"},{"name":"User-Agent","value":"insomnia/10.3.0"}],"authentication":{},"metaSortKey":-1736295270558,"isPrivate":false,"pathParameters":[],"settingStoreCookies":true,"settingSendCookies":true,"settingDisableRenderRequestBody":false,"settingEncodeUrl":true,"settingRebuildPath":true,"settingFollowRedirects":"global","_type":"request"},{"_id":"req_4608a41a9ffc4faebb4ff29b0322162d","parentId":"fld_278264ff6abb4a78b2d3ae3cb98ad377","modified":1736467661636,"created":1736467661636,"url":"http://localhost:8080/topicos/2","name":"EliminarPost","description":"","method":"DELETE","body":{},"parameters":[],"headers":[{"name":"User-Agent","value":"insomnia/10.3.0"}],"authentication":{},"metaSortKey":-1735668945626,"isPrivate":false,"pathParameters":[],"settingStoreCookies":true,"settingSendCookies":true,"settingDisableRenderRequestBody":false,"settingEncodeUrl":true,"settingRebuildPath":true,"settingFollowRedirects":"global","_type":"request"},{"_id":"req_9b8b60c0587e4223be0e1da8126d7add","parentId":"fld_278264ff6abb4a78b2d3ae3cb98ad377","modified":1736467661628,"created":1736467661628,"url":"http://localhost:8080/topicos","name":"ListarTopicos","description":"","method":"GET","body":{},"parameters":[],"headers":[{"name":"User-Agent","value":"insomnia/10.3.0"}],"authentication":{"type":"bearer","token":"eyJhbGciOiJIUzI1NiIsInR5cCI6IkpXVCJ9.eyJpc3MiOiJmb3JvIGh1YiIsInN1YiI6Imp1YW4ucGVyZXoiLCJleHAiOjE3MzYzODg5MzZ9.FqS2_9_PHaMWHR72kz0rXhA_vonJgO2rAdzIJlKObus"},"metaSortKey":-1735668627512,"isPrivate":false,"pathParameters":[],"settingStoreCookies":true,"settingSendCookies":true,"settingDisableRenderRequestBody":false,"settingEncodeUrl":true,"settingRebuildPath":true,"settingFollowRedirects":"global","_type":"request"},{"_id":"req_b368f79a9b1d4dccb5294648fecbade5","parentId":"fld_278264ff6abb4a78b2d3ae3cb98ad377","modified":1736467661627,"created":1736467661627,"url":"Http://localHost:8080/topicos","name":"NuevoTopico","description":"","method":"POST","body":{"mimeType":"application/json","text":"{\n  \"titulo\": \"Introducción\",\n  \"mensaje\": \"Este es el SEGUNDO mensaje del tópico en el foro.\",\n  \"curso\": {\n    \"nombreCurso\": \"PRUEBA DOS\",\n    \"categoria\": \"PRUEBA DOS\"\n  }\n}\n"},"parameters":[{"id":"pair_aaa75d8a2ebd446e98ec1e170727213d","name":"","value":"","description":"","disabled":false}],"headers":[{"name":"Content-Type","value":"application/json"},{"name":"User-Agent","value":"insomnia/10.2.0"}],"authentication":{},"metaSortKey":-1734657000856,"isPrivate":false,"pathParameters":[],"settingStoreCookies":true,"settingSendCookies":true,"settingDisableRenderRequestBody":false,"settingEncodeUrl":true,"settingRebuildPath":true,"settingFollowRedirects":"global","_type":"request"},{"_id":"env_1789dd107b038538a8275200c0b8d6660859ad0a","parentId":"wrk_622b1b587fdf45708267ac8767d6a99e","modified":1732143669806,"created":1732143669806,"name":"Base Environment","data":{},"dataPropertyOrder":null,"color":null,"isPrivate":false,"metaSortKey":1732143669806,"_type":"environment"},{"_id":"jar_1789dd107b038538a8275200c0b8d6660859ad0a","parentId":"wrk_622b1b587fdf45708267ac8767d6a99e","modified":1736381778603,"created":1732143669807,"name":"Default Jar","cookies":[{"key":"JSESSIONID","value":"834B0256CC55F53179EC7D1ACC4316CF","domain":"localhost","path":"/","httpOnly":true,"hostOnly":true,"creation":"2025-01-06T20:42:23.360Z","lastAccessed":"2025-01-09T00:16:18.603Z","id":"8be5eb4f-26e7-4aab-818f-4fd9e9543da6"}],"_type":"cookie_jar"}]}